Player Id,Name,Current Status,Years Played
loganpaulsen/2507828,"Paulsen, Logan",Active,
da'ronpayne/2560834,"Payne, Da'Ron",Active,
donaldpayne/2559034,"Payne, Donald",Active,
charonepeake/2555477,"Peake, Charone",Active,
colbypearson/2559384,"Pearson, Colby",Active,
andruspeat/2552455,"Peat, Andrus",Active,
domatapekosr./2506925,"Peko, Domata Sr.",Active,
kylepeko/2556646,"Peko, Kyle",Active,
claudepelon/2556647,"Pelon, Claude",Other,
donaldpenn/2506706,"Penn, Donald",Active,
mikepennel/2550242,"Pennel, Mike",Active,
elijhaapenny/2556762,"Penny, Elijhaa",Active,
rashaadpenny/2560835,"Penny, Rashaad",Active,
jabrillpeppers/2557980,"Peppers, Jabrill",Active,
juliuspeppers/2505010,"Peppers, Julius",Active,
luisperez/2561124,"Perez, Luis",Active,
willpericak/2541738,"Pericak, Will",Active,
samajeperine/2558138,"Perine, Samaje",Active,
joshperkins/2556444,"Perkins, Josh",Active,
kentperkins/2558987,"Perkins, Kent",Active,
paulperkins/2555460,"Perkins, Paul",Other,
breshadperriman/2552597,"Perriman, Breshad",Active,
evanperrizo/2561258,"Perrizo, Evan",Active,
nickperry/2533048,"Perry, Nick",Active,
senoriseperry/2550633,"Perry, Senorise",Active,
denzelperryman/2552310,"Perryman, Denzel",Active,
mikeperson/2508140,"Person, Mike",Active,
nathanpeterman/2558191,"Peterman, Nathan",Active,
brianpeters/2552730,"Peters, Brian",Active,
coreypeters/496841,"Peters, Corey",Active,
jasonpeters/2505827,"Peters, Jason",Active,
marcuspeters/2552488,"Peters, Marcus",Active,
othapeters/2559228,"Peters, Otha",Active,
kevinpeterson/2556764,"Peterson, Kevin",Injured reserve,
marcuspeterson/2561681,"Peterson, Marcus",Other,
patrickpeterson/2495504,"Peterson, Patrick",Active,
dantepettis/2560836,"Pettis, Dante",Active,
brycepetty/2552369,"Petty, Bryce",Active,
ervinphilips/2561259,"Philips, Ervin",Active,
adrianphillips/2550842,"Phillips, Adrian",Active,
camphillips/2560838,"Phillips, Cam",Active,
carrollphillips/2559230,"Phillips, Carroll",Active,
dariusphillips/2560839,"Phillips, Darius",Active,
dashaunphillips/2550383,"Phillips, Dashaun",Active,
harrisonphillips/2560840,"Phillips, Harrison",Active,
johnphillips/71435,"Phillips, John",Active,
jordanphillips/2552492,"Phillips, Jordan",Active,
skylerphillips/2560841,"Phillips, Skyler",Active,
dariusphilon/2552676,"Philon, Darius",Active,
michaelpierce/2556650,"Pierce, Michael",Active,
olsenpierre/2553583,"Pierre, Olsen",Active,
kevinpierre-louis/2543563,"Pierre-Louis, Kevin",Active,
jasonpierre-paul/496843,"Pierre-Paul, Jason",Active,
eddypineiro/2560842,"Pineiro, Eddy",Active,
bradleypinion/2552711,"Pinion, Bradley",Active,
ericpinkins/2549978,"Pinkins, Eric",Active,
lenzypipkins/2558988,"Pipkins, Lenzy",Active,
ondrepipkins/2558896,"Pipkins, Ondre",Active,
jamiyuspittman/2561391,"Pittman, Jamiyus",Active,
lafayettepitts/2556652,"Pitts, Lafayette",Active,
eddiepleasant/2532928,"Pleasant, Eddie",Active,
ethanpocic/2557891,"Pocic, Ethan",Active,
dontaripoe/2533435,"Poe, Dontari",Active,
williampoehls/2550593,"Poehls, William",Active,
henrypoggi/2561488,"Poggi, Henry",Active,
quentinpoling/2561127,"Poling, Quentin",Active,
brianpoole/2556445,"Poole, Brian",Active,
troymainepope/2557531,"Pope, Troymaine",Active,
jacksonporter/2561631,"Porter, Jackson",Active,
marcusporter/2561260,"Porter, Marcus",Active,
moporter/2561541,"Porter, Mo",Active,
devierposey/2532930,"Posey, DeVier",Active,
mikepouncey/2495216,"Pouncey, Mike",Active,
maurkicepouncey/497042,"Pouncey, Maurkice",Active,
jeremiahpoutasi/2552590,"Poutasi, Jeremiah",Active,
bilalpowell/2495328,"Powell, Bilal",Active,
brandonpowell/2561261,"Powell, Brandon",Active,
tyvispowell/2556655,"Powell, Tyvis",Active,
jordanpoyer/2539290,"Poyer, Jordan",Active,
mattprater/2506677,"Prater, Matt",Active,
dakprescott/2555260,"Prescott, Dak",Active,
gimelpresident/2559307,"President, Gimel",Other,
billyprice/2560843,"Price, Billy",Active,
brianprice/2556657,"Price, Brian",Active,
ejuanprice/2558002,"Price, Ejuan",Active,
givensprice/2556446,"Price, Givens",Active,
josiahprice/2558989,"Price, Josiah",Active,
normanprice/2556658,"Price, Norman",Active,
dariusprince/2561706,"Prince, Darius",Active,
r.j.prince/2561547,"Prince, R.J.",Active,
byronpringle/2560844,"Pringle, Byron",Active,
rayseanpringle/2559091,"Pringle, Raysean",Active,
austinproehl/2561160,"Proehl, Austin",Active,
jayprosch/2543695,"Prosch, Jay",Active,
c.j.prosise/2555417,"Prosise, C.J.",Active,
mycolepruitt/2552401,"Pruitt, MyCole",Active,
mattpryor/2560596,"Pryor, Matt",Active,
terrellepryor/2531332,"Pryor, Terrelle",Active,
jakepugh/2560845,"Pugh, Jake",Active,
justinpugh/2540195,"Pugh, Justin",Active,
peterpujals/2561262,"Pujals, Peter",Active,
hayespullard/2552313,"Pullard, Hayes",Active,
spencerpulley/2556821,"Pulley, Spencer",Active,
djpumphrey/2558850,"Pumphrey, DJ",Active,
mikepurcell/2541634,"Purcell, Mike",Active,
gregpyke/2559232,"Pyke, Greg",Active,
elijahqualls/2557981,"Qualls, Elijah",Active,
kylequeiro/2561392,"Queiro, Kyle",Active,
davidquessenberry/2539301,"Quessenberry, David",Active,
scottquessenberry/2560846,"Quessenberry, Scott",Active,
brianquick/2532933,"Quick, Brian",Active,
ryanquigley/2536049,"Quigley, Ryan",Active,
gloverquin/71441,"Quin, Glover",Active,
j.p.quinn/2561649,"Quinn, J.P.",Active,
robertquinn/2495485,"Quinn, Robert",Active,
treyquinn/2560847,"Quinn, Trey",Active,
brentqvale/2550528,"Qvale, Brent",Active,
brandonradcliff/2558898,"Radcliff, Brandon",Active,
kevinrader/2561264,"Rader, Kevin",Active,
reggieragland/2555169,"Ragland, Reggie",Active,
frankragnow/2561142,"Ragnow, Frank",Active,
ryanramczyk/2557959,"Ramczyk, Ryan",Active,
mikeramsay/2561393,"Ramsay, Mike",Active,
jalenramsey/2555280,"Ramsey, Jalen",Active,
damariousrandall/2552389,"Randall, Damarious",Active,
martinasrankin/2560848,"Rankin, Martinas",Active,
sheldonrankins/2555242,"Rankins, Sheldon",Active,
damionratley/2561054,"Ratley, Damion",Active,
thomasrawls/2553733,"Rawls, Thomas",Active,
shaneray/2552451,"Ray, Shane",Active,
kalifraymond/2556661,"Raymond, Kalif",Active,
d.j.reader/2555388,"Reader, D.J.",Active,
keithreaser/2543582,"Reaser, Keith",Active,
jeremyreaves/2561394,"Reaves, Jeremy",Active,
malikreaves/2559998,"Reaves, Malik",Active,
c.j.reavis/2561395,"Reavis, C.J.",Active,
haasonreddick/2557887,"Reddick, Haason",Active,
teoredding/2561266,"Redding, Teo",Active,
quincyredmon/2561396,"Redmon, Quincy",Active,
adamredmond/2556395,"Redmond, Adam",Active,
alexredmond/2556662,"Redmond, Alex",Active,
willredmond/2555545,"Redmond, Will",Active,
brooksreed/2495218,"Reed, Brooks",Active,
chrisreed/2553679,"Reed, Chris",Active,
d.j.reed/2560850,"Reed, D.J.",Active,
jarranreed/2555238,"Reed, Jarran",Active,
jordanreed/2540160,"Reed, Jordan",Active,
kalanreed/2556380,"Reed, Kalan",Active,
trovonreed/2554352,"Reed, Trovon",Active,
bernardreedy/2550246,"Reedy, Bernard",Active,
jasonreese/2561267,"Reese, Jason",Active,
jalenreeves-maybin/2557924,"Reeves-Maybin, Jalen",Active,
caraunreid/2543748,"Reid, Caraun",Other,
justinreid/2560851,"Reid, Justin",Active,
rileyreiff/2533042,"Reiff, Riley",Active,
brandonreilly/2559235,"Reilly, Brandon",Active,
austinreiter/2553452,"Reiter, Austin",Active,
mikeremmers/2535607,"Remmers, Mike",Active,
adamreth/2561665,"Reth, Adam",Active,
vincentrey/2507843,"Rey, Vincent",Active,
kendallreyes/2532937,"Reyes, Kendall",Active,
joshreynolds/2558194,"Reynolds, Josh",Active,
keenanreynolds/2555356,"Reynolds, Keenan",Active,
laroyreynolds/2541741,"Reynolds, LaRoy",Active,
demetriusrhaney/2549991,"Rhaney, Demetrius",Active,
lukerhodes/2556664,"Rhodes, Luke",Active,
xavierrhodes/2540155,"Rhodes, Xavier",Active,
patrickricard/2558990,"Ricard, Patrick",Active,
denzelrice/2553736,"Rice, Denzel",Active,
jalenrichard/2556885,"Richard, Jalen",Active,
jeffrichards/2558303,"Richards, Jeff",Active,
jordanrichards/2552392,"Richards, Jordan",Active,
ramonrichards/2561464,"Richards, Ramon",Active,
horacerichardson/2558991,"Richardson, Horace",Active,
paulrichardson/2543491,"Richardson, Paul",Active,
shaquillerichardson/2543779,"Richardson, Shaquille",Injured reserve,
sheldonrichardson/2540142,"Richardson, Sheldon",Active,
stevenrichardson/2561397,"Richardson, Steven",Active,
whitneyrichardson/2559477,"Richardson, Whitney",Active,
willrichardson/2560853,"Richardson, Will",Active,
westonrichburg/2543705,"Richburg, Weston",Active,
theoriddick/2540020,"Riddick, Theo",Active,
hassanridgeway/2555514,"Ridgeway, Hassan",Active,
calvinridley/2560854,"Ridley, Calvin",Active,
stevanridley/2495470,"Ridley, Stevan",Active,
curtisriley/2553822,"Riley, Curtis",Active,
dukeriley/2557967,"Riley, Duke",Active,
christianringo/2553461,"Ringo, Christian",Active,
marcusrios/2559236,"Rios, Marcus",Active,
aaronripkowski/2552477,"Ripkowski, Aaron",Active,
davidrivers/2558992,"Rivers, David",Other,
derekrivers/2558040,"Rivers, Derek",Active,
philiprivers/2506121,"Rivers, Philip",Active,
broganroback/2561593,"Roback, Brogan",Active,
andreroberts/497320,"Roberts, Andre",Active,
austinroberts/2561621,"Roberts, Austin",Injured reserve,
darrylroberts/2553353,"Roberts, Darryl",Active,
elandonroberts/2556119,"Roberts, Elandon",Active,
michaelroberts/2558049,"Roberts, Michael",Active,
sethroberts/2550597,"Roberts, Seth",Active,
stephenroberts/2560855,"Roberts, Stephen",Active,
koreyrobertson/2560856,"Robertson, Korey",Active,
peterobertson/2556770,"Robertson, Pete",Active,
craigrobertson/2532431,"Robertson, Craig",Active,
royrobertson-harris/2556665,"Robertson-Harris, Roy",Active,
nickellrobey-coleman/2540197,"Robey-Coleman, Nickell",Active,
a'shawnrobinson/2555265,"Robinson, A'Shawn",Active,
aldrickrobinson/2495331,"Robinson, Aldrick",Active,
allenrobinson/2543509,"Robinson, Allen",Active,
camrobinson/2558004,"Robinson, Cam",Active,
coreyrobinson/2552356,"Robinson, Corey",Active,
demarcusrobinson/2555478,"Robinson, Demarcus",Active,
edmondrobinson/2552441,"Robinson, Edmond",Active,
gregrobinson/2543458,"Robinson, Greg",Active,
jevonirobinson/2559567,"Robinson, Jevoni",Active,
joshrobinson/2533542,"Robinson, Josh",Active,
keenanrobinson/2532940,"Robinson, Keenan",Active,
patrickrobinson/2508084,"Robinson, Patrick",Active,
rashardrobinson/2555546,"Robinson, Rashard",Active,
simeyonrobinson/2561701,"Robinson, Simeyon",Active,
tyreerobinson/2561519,"Robinson, Tyree",Active,
brianrobison/2495723,"Robison, Brian",Active,
bradleyroby/2543505,"Roby, Bradley",Active,
isaacrochell/2557860,"Rochell, Isaac",Active,
aaronrodgers/2506363,"Rodgers, Aaron",Active,
jakerodgers/2553236,"Rodgers, Jake",Active,
jacquizzrodgers/2495471,"Rodgers, Jacquizz",Active,
kacyrodgers/2560247,"Rodgers, Kacy",Active,
richardrodgers/2550313,"Rodgers, Richard",Active,
benroethlisberger/2506109,"Roethlisberger, Ben",Active,
chesterrogers/2556396,"Rogers, Chester",Active,
elirogers/2553737,"Rogers, Eli",Active,
samrogers/2558196,"Rogers, Sam",Active,
ja'vonrolland-jones/2560857,"Rolland-Jones, Ja'Von",Other,
quintenrollins/2552263,"Rollins, Quinten",Active,
jordanroos/2559239,"Roos, Jordan",Active,
aldrickrosas/2556771,"Rosas, Aldrick",Active,
nickrose/2556450,"Rose, Nick",Active,
joshrosen/2560858,"Rosen, Josh",Active,
danielross/2559240,"Ross, Daniel",Active,
devinross/2561400,"Ross, Devin",Active,
fredross/2558993,"Ross, Fred",Other,
johnross/2558010,"Ross, John",Active,
kayauneross/2561614,"Ross, Kayaune",Active,
rashadross/2541940,"Ross, Rashad",Other,
bunmirotimi/2560859,"Rotimi, Bunmi",Other,
chaseroullier/2558037,"Roullier, Chase",Active,
ericrowe/2552255,"Rowe, Eric",Active,
ahtybarubin/1344,"Rubin, Ahtyba",Injured reserve,
frosteerucker/2506908,"Rucker, Frostee",Active,
jakerudock/2556232,"Rudock, Jake",Active,
masonrudolph/2560860,"Rudolph, Mason",Active,
kylerudolph/2495438,"Rudolph, Kyle",Active,
travisrudolph/2559241,"Rudolph, Travis",Active,
cooperrush/2559242,"Rush, Cooper",Active,
marcusrush/2553475,"Rush, Marcus",Active,
alonzorussell/2556672,"Russell, Alonzo",Active,
keivaraerussell/2555547,"Russell, KeiVarae",Active,
ryanrussell/2552277,"Russell, Ryan",Active,
jakeryan/2552314,"Ryan, Jake",Injured reserve,
jonryan/2506613,"Ryan, Jon",Active,
loganryan/2540162,"Ryan, Logan",Active,
mattryan/310,"Ryan, Matt",Active,
rodgersaffold/497048,"Saffold, Rodger",Active,
jobysaintfleur/2559056,"Saint Fleur, Joby",Other,
victorsalako/2559352,"Salako, Victor",Active,
shaheedsalmon/2561611,"Salmon, Shaheed",Active,
christiansam/2560861,"Sam, Christian",Active,
tysambrailo/2552366,"Sambrailo, Ty",Active,
curtissamuel/2558066,"Samuel, Curtis",Active,
jaylensamuels/2560862,"Samuels, Jaylen",Active,
rigobertosanchez/2558899,"Sanchez, Rigoberto",Active,
emmanuelsanders/497322,"Sanders, Emmanuel",Active,
jasonsanders/2561153,"Sanders, Jason",Active,
darnellsankey/2557434,"Sankey, Darnell",Active,
tigiesankoh/2561594,"Sankoh, Tigie",Active,
cairosantos/2550636,"Santos, Cairo",Active,
ryansantoso/2561269,"Santoso, Ryan",Active,
mohamedsanu/2533040,"Sanu, Mohamed",Active,
ericsaubert/2558023,"Saubert, Eric",Active,
tomsavage/2543640,"Savage, Tom",Active,
dantesawyer/2561401,"Sawyer, Dante",Active,
wessaxton/2553682,"Saxton, Wes",Active,
caseysayles/2558879,"Sayles, Casey",Active,
patrickscales/2530600,"Scales, Patrick",Active,
tegrayscales/2560864,"Scales, Tegray",Active,
orlandoscandrick/2307,"Scandrick, Orlando",Active,
boscarbrough/2560865,"Scarbrough, Bo",Active,
brennanscarlett/2556673,"Scarlett, Brennan",Active,
mattschaub/2505982,"Schaub, Matt",Active,
brandonscherff/2552032,"Scherff, Brandon",Active,
chrisschleuger/2561402,"Schleuger, Chris",Active,
austinschlottmann/2561439,"Schlottmann, Austin",Active,
coltonschmidt/2542246,"Schmidt, Colton",Active,
joeschobert/2555166,"Schobert, Joe",Active,
michaelschofield/2543732,"Schofield, Michael",Active,
ryanschraeder/2541521,"Schraeder, Ryan",Active,
masonschreck/2558864,"Schreck, Mason",Active,
karterschult/2559244,"Schult, Karter",Other,
daltonschultz/2560866,"Schultz, Dalton",Active,
mitchellschwartz/2532945,"Schwartz, Mitchell",Active,
wesschweitzer/2556373,"Schweitzer, Wes",Active,
brianschwenke/2540216,"Schwenke, Brian",Active,
christianscotland-williamson/2561517,"Scotland-Williamson, Christian",Active,
drewscott/2559977,"Scott, Drew",Other,
artavisscott/2559246,"Scott, Artavis",Active,
bostonscott/2561146,"Scott, Boston",Active,
calebscott/2561270,"Scott, Caleb",Active,
rashawnscott/2556676,"Scott, Rashawn",Active,
chrisscott/2508054,"Scott, Chris",Active,
da'mariscott/2561403,"Scott, Da'Mari",Active,
jaleelscott/2560867,"Scott, Jaleel",Active,
jkscott/2560868,"Scott, JK",Active,
nilesscott/2561138,"Scott, Niles",Active,
timscott/2553598,"Scott, Tim",Active,
trentonscott/2561544,"Scott, Trenton",Active,
rickyseals-jones/2559248,"Seals-Jones, Ricky",Active,
sammyseamster/2550250,"Seamster, Sammy",Active,
da'norrissearcy/2495339,"Searcy, Da'Norris",Active,
bradseaton/2558772,"Seaton, Brad",Active,
austinseferian-jenkins/2543683,"Seferian-Jenkins, Austin",Active,
timsemisch/2553847,"Semisch, Tim",Active,
deadrinsenat/2560869,"Senat, Deadrin",Active,
gregsenat/2560870,"Senat, Greg",Active,
andrewsendejo/2525323,"Sendejo, Andrew",Active,
cotysensabaugh/2532946,"Sensabaugh, Coty",Active,
camserigne/2559964,"Serigne, Cam",Active,
timsettle/2560871,"Settle, Tim",Active,
isaacseumalo/2555495,"Seumalo, Isaac",Active,
kevonseymour/2555549,"Seymour, Kevon",Active,
adamshaheen/2558144,"Shaheen, Adam",Active,
maurquiceshakir/2558995,"Shakir, Maurquice",Active,
huntersharp/2556773,"Sharp, Hunter",Active,
davidsharpe/2558145,"Sharpe, David",Active,
tajaesharpe/2555317,"Sharpe, Tajae",Active,
tylershatley/2550398,"Shatley, Tyler",Active,
joshshaw/2552259,"Shaw, Josh",Active,
ryanshazier/2543486,"Shazier, Ryan",Physically unable to perform,
deshawnshead/2535609,"Shead, DeShawn",Active,
jabaalsheard/2495228,"Sheard, Jabaal",Active,
conorsheehy/2559913,"Sheehy, Conor",Active,
derrickshelby/2532989,"Shelby, Derrick",Active,
bradysheldon/2559431,"Sheldon, Brady",Active,
brandonshell/2555193,"Shell, Brandon",Active,
colemanshelton/2560872,"Shelton, Coleman",Active,
dannyshelton/2552325,"Shelton, Danny",Active,
sojournshelton/2559249,"Shelton, Sojourn",Active,
russellshepard/2541944,"Shepard, Russell",Active,
sterlingshepard/2555295,"Shepard, Sterling",Active,
nathanshepherd/2560873,"Shepherd, Nathan",Active,
dakodashepley/2561406,"Shepley, Dakoda",Active,
marcussherels/2508007,"Sherels, Marcus",Active,
trentsherfield/2561272,"Sherfield, Trent",Active,
anthonysherman/2495340,"Sherman, Anthony",Active,
richardsherman/2495507,"Sherman, Richard",Active,
samshields/1037374,"Shields, Sam",Active,
nicshimonek/2560874,"Shimonek, Nic",Active,
a.q.shipley/71461,"Shipley, A.Q.",Injured reserve,
brandonshippen/2556680,"Shippen, Brandon",Active,
azizshittu/2556866,"Shittu, Aziz",Active,
kawannshort/2539296,"Short, Kawann",Active,
jameillshowers/2553600,"Showers, Jameill",Active,
garrettsickels/2558900,"Sickels, Garrett",Injured reserve,
trentsieg/2561465,"Sieg, Trent",Active,
zachsieler/2561129,"Sieler, Zach",Active,
trevorsiemian/2553457,"Siemian, Trevor",Active,
aminisilatolu/2532947,"Silatolu, Amini",Active,
iansilberman/2552338,"Silberman, Ian",Active,
sealversiliga/2495486,"Siliga, Sealver",Active,
antoniosimmons/2561274,"Simmons, Antonio",Active,
jalensimmons/2556889,"Simmons, Jalen",Active,
jordansimmons/2558997,"Simmons, Jordan",Active,
justinsimmons/2555550,"Simmons, Justin",Active,
deonsimon/2552678,"Simon, Deon",Active,
johnsimon/2539280,"Simon, John",Active,
scottsimonson/2550599,"Simonson, Scott",Active,
camsims/2561067,"Sims, Cam",Active,
charlessims/2543770,"Sims, Charles",Active,
dionsims/2540200,"Sims, Dion",Active,
leshaunsims/2555551,"Sims, LeShaun",Active,
gannonsinclair/2553760,"Sinclair, Gannon",Active,
terrellsinkfield/2541746,"Sinkfield, Terrell",Active,
nicosiragusa/2557874,"Siragusa, Nico",Active,
jeremiahsirles/2550462,"Sirles, Jeremiah",Active,
joshsitton/4485,"Sitton, Josh",Active,
danskipper/2559372,"Skipper, Dan",Active,
busterskrine/2495343,"Skrine, Buster",Active,
mattskura/2556683,"Skura, Matt",Active,
chadslade/2553601,"Slade, Chad",Active,
matthewslater/4487,"Slater, Matthew",Active,
mattslauson/81871,"Slauson, Matt",Active,
dariusslay/2540288,"Slay, Darius",Active,
kylesloter/2559252,"Sloter, Kyle",Active,
jordansmallwood/2561493,"Smallwood, Jordan",Active,
wendellsmallwood/2555461,"Smallwood, Wendell",Active,
tanzelsmart/2558199,"Smart, Tanzel",Active,
deandresmelter/2552627,"Smelter, DeAndre",Active,
alexsmith/2506340,"Smith, Alex",Active,
keithsmith/2550400,"Smith, Keith",Active,
andresmith/2560875,"Smith, Andre",Active,
andresmith/71465,"Smith, Andre",Active,
bradensmith/2560876,"Smith, Braden",Active,
brandonsmith/2561595,"Smith, Brandon",Active,
c.j.smith/2556774,"Smith, C.J.",Active,
chrissmith/2543692,"Smith, Chris",Active,
derronsmith/2552390,"Smith, Derron",Active,
donovansmith/2552460,"Smith, Donovan",Active,
emmanuelsmith/2561275,"Smith, Emmanuel",Active,
ericsmith/2559057,"Smith, Eric",Active,
genosmith/2539335,"Smith, Geno",Active,
evansmith/2507701,"Smith, Evan",Active,
garrisonsmith/2550503,"Smith, Garrison",Active,
harrisonsmith/2532948,"Smith, Harrison",Active,
jacquiessmith/2533005,"Smith, Jacquies",Active,
torreysmith/2495459,"Smith, Torrey",Active,
jimmysmith/2508107,"Smith, Jimmy",Active,
jaylonsmith/2555310,"Smith, Jaylon",Active,
jonnusmith/2558207,"Smith, Jonnu",Active,
leesmith/2495347,"Smith, Lee",Active,
joshsmith/2561637,"Smith, Josh",Other,
malcolmsmith/2499278,"Smith, Malcolm",Active,
marcussmith/2543725,"Smith, Marcus",Other,
mauricesmith/2559058,"Smith, Maurice",Active,
prestonsmith/2552276,"Smith, Preston",Active,
rodsmith/2553743,"Smith, Rod",Active,
itosmith/2559924,"Smith, Ito",Active,
roquansmith/2560877,"Smith, Roquan",Active,
ryansmith/2555552,"Smith, Ryan",Active,
ryansmith/2561480,"Smith, Ryan",Active,
shanesmith/2559254,"Smith, Shane",Active,
telvinsmith/2543711,"Smith, Telvin",Active,
terrancesmith/2556775,"Smith, Terrance",Active,
tevaunsmith/2556399,"Smith, Tevaun",Injured reserve,
tre'quansmith/2560878,"Smith, Tre'Quan",Active,
tremonsmith/2561103,"Smith, Tremon",Active,
tyesmith/2552449,"Smith, Tye",Injured reserve,
tyronsmith/2495435,"Smith, Tyron",Active,
vyncintsmith/2561427,"Smith, Vyncint",Active,
za'dariussmith/2552279,"Smith, Za'Darius",Active,
jujusmith-schuster/2558149,"Smith-Schuster, JuJu",Active,
fishsmithson/2558901,"Smithson, Fish",Active,
dawuanesmoot/2557839,"Smoot, Dawuane",Active,
durhamsmythe/2560880,"Smythe, Durham",Active,
williesnead/2550256,"Snead, Willie",Active,
kristjansokoli/2553346,"Sokoli, Kristjan",Injured reserve,
natesolder/2495232,"Solder, Nate",Active,
danielsorensen/2550257,"Sorensen, Daniel",Active,
shakirsoto/2559255,"Soto, Shakir",Active,
dezmensouthward/2543775,"Southward, Dezmen",Active,
bradleysowell/2535866,"Sowell, Bradley",Active,
martrellspaight/2552316,"Spaight, Martrell",Active,
bentleyspain/2561636,"Spain, Bentley",Active,
quintonspain/2553824,"Spain, Quinton",Active,
breelandspeaks/2560881,"Speaks, Breeland",Active,
akeemspence/2540201,"Spence, Akeem",Active,
noahspence/2555312,"Spence, Noah",Active,
robertspillane/2561596,"Spillane, Robert",Active,
jasonspriggs/2555197,"Spriggs, Jason",Active,
arrionsprings/2561106,"Springs, Arrion",Active,
jeremysprinkle/2557886,"Sprinkle, Jeremy",Active,
tracysprinkle/2561276,"Sprinkle, Tracy",Active,
darrensproles/2506467,"Sproles, Darren",Active,
nelsonspruce/2556686,"Spruce, Nelson",Active,
damionsquare/2540003,"Square, Damion",Active,
equanimeousst.brown/2560883,"St. Brown, Equanimeous",Active,
matthewstafford/79860,"Stafford, Matthew",Active,
allenzaestaggers/2561707,"Staggers, Allenzae",Active,
joestaley/2495746,"Staley, Joe",Active,
taylorstallworth/2560882,"Stallworth, Taylor",Active,
julianstanford/2535867,"Stanford, Julian",Active,
ronniestanley/2555204,"Stanley, Ronnie",Active,
drewstanton/2495748,"Stanton, Drew",Active,
dustinstanton/2559000,"Stanton, Dustin",Active,
johnnystanton/2561489,"Stanton, Johnny",Active,
davidsteinmetz/2561409,"Steinmetz, David",Active,
shamarstephen/2543706,"Stephen, Shamar",Active,
lindenstephens/2561277,"Stephens, Linden",Active,
nealsterling/2553451,"Sterling, Neal",Active,
jordansterns/2559094,"Sterns, Jordan",Active,
zachsterup/2556825,"Sterup, Zach",Active,
ardariusstewart/2558150,"Stewart, ArDarius",Active,
darianstewart/494307,"Stewart, Darian",Active,
groverstewart/2558766,"Stewart, Grover",Active,
jonathanstewart/949,"Stewart, Jonathan",Active,
m.j.stewart/2560884,"Stewart, M.J.",Active,
orionstewart/2559258,"Stewart, Orion",Active,
kennystills/2540202,"Stills, Kenny",Active,
aaronstinnie/2561410,"Stinnie, Aaron",Active,
lukestocker/2495234,"Stocker, Luke",Active,
justinstockton/2561705,"Stockton, Justin",Active,
jamesstone/2550258,"Stone, James",Active,
rodstreater/2535869,"Streater, Rod",Active,
kentaviusstreet/2560885,"Street, Kentavius",Active,
channingstribling/2559259,"Stribling, Channing",Active,
damore'eastringfellow/2559059,"Stringfellow, Damore'ea",Active,
gregstroman/2560886,"Stroman, Greg",Active,
natestupar/2533459,"Stupar, Nate",Active,
calebsturgis/2539637,"Sturgis, Caleb",Active,
daltonsturm/2561411,"Sturm, Dalton",Active,
xaviersu'a-filo/2543666,"Su'a-Filo, Xavier",Active,
ryansuccop/89802,"Succop, Ryan",Active,
natesudfeld/2555427,"Sudfeld, Nate",Active,
terrellsuggs/2505660,"Suggs, Terrell",Active,
ndamukongsuh/496861,"Suh, Ndamukong",Active,
chandonsullivan/2560887,"Sullivan, Chandon",Active,
johnsullivan/2507491,"Sullivan, John",Active,
tresullivan/2559260,"Sullivan, Tre",Active,
jamarsummers/2561412,"Summers, Jamar",Active,
jamessummers/2559261,"Summers, James",Active,
nicksundberg/2507668,"Sundberg, Nick",Active,
phillipsupernaw/2535535,"Supernaw, Phillip",Other,
cameronsutton/2558849,"Sutton, Cameron",Active,
courtlandsutton/2560888,"Sutton, Courtland",Active,
willsutton/2543691,"Sutton, Will",Active,
geoffswaim/2553454,"Swaim, Geoff",Active,
terryswanson/2561428,"Swanson, Terry",Active,
travisswanson/2543506,"Swanson, Travis",Active,
d.j.swearinger/2539943,"Swearinger, D.J.",Active,
joshsweat/2560889,"Sweat, Josh",Active,
j.r.sweezy/2533342,"Sweezy, J.R.",Active,
ryanswitzer/2557960,"Switzer, Ryan",Active,
erikswoope/2550405,"Swoope, Erik",Active,
tyroneswoopes/2559263,"Swoopes, Tyrone",Active,
teeztabor/2557955,"Tabor, Teez",Active,
aqibtalib/1302,"Talib, Aqib",Active,
keithtandy/2534741,"Tandy, Keith",Active,
cordreatankersley/2557931,"Tankersley, Cordrea",Active,
ryantannehill/2532956,"Tannehill, Ryan",Active,
alextanney/2534870,"Tanney, Alex",Active,
charlestapper/2555245,"Tapper, Charles",Active,
jaquiskitartt/2552391,"Tartt, Jaquiski",Active,
pasonitasini/2559264,"Tasini, Pasoni",Active,
audentate/2560890,"Tate, Auden",Active,
brandontate/81306,"Tate, Brandon",Active,
goldentate/497326,"Tate, Golden",Active,
pitataumoepenu/2558284,"Taumoepenu, Pita",Active,
giorgiotavecchio/2535686,"Tavecchio, Giorgio",Other,
adariustaylor/2550565,"Taylor, Adarius",Active,
bretttaylor/2561490,"Taylor, Brett",Active,
jamartaylor/2539932,"Taylor, Jamar",Active,
jordantaylor/2553606,"Taylor, Jordan",Active,
julliantaylor/2561078,"Taylor, Jullian",Active,
lanetaylor/2541898,"Taylor, Lane",Active,
philliptaylor/2508106,"Taylor, Phillip",Active,
rodtaylor/2560891,"Taylor, Rod",Injured reserve,
taywantaylor/2557870,"Taylor, Taywan",Active,
trenttaylor/2558202,"Taylor, Trent",Active,
tyrodtaylor/2495240,"Taylor, Tyrod",Active,
vincenttaylor/2558017,"Taylor, Vincent",Active,
mantite'o/2539277,"Te'o, Manti",Active,
wyattteller/2560892,"Teller, Wyatt",Active,
steventerrell/2541754,"Terrell, Steven",Active,
samtevi/2558026,"Tevi, Sam",Active,
ranthonytexada/2561440,"Texada, Ranthony",Active,
natetheaker/2559265,"Theaker, Nate",Other,
robensontherezie/2553607,"Therezie, Robenson",Active,
adamthielen/2541785,"Thielen, Adam",Active,
ahmadthomas/2559037,"Thomas, Ahmad",Active,
brandonthomas/2543702,"Thomas, Brandon",Other,
chadthomas/2560893,"Thomas, Chad",Active,
de'anthonythomas/2543638,"Thomas, De'Anthony",Active,
demaryiusthomas/497328,"Thomas, Demaryius",Active,
dymontethomas/2559293,"Thomas, Dymonte",Active,
earlthomas/2508080,"Thomas, Earl",Other,
ianthomas/2560894,"Thomas, Ian",Active,
joethomas/2550262,"Thomas, Joe",Active,
jordanthomas/2560896,"Thomas, Jordan",Active,
justinthomas/2559367,"Thomas, Justin",Active,
lawrencethomas/2556695,"Thomas, Lawrence",Active,
loganthomas/2543767,"Thomas, Logan",Active,
matthewthomas/2560897,"Thomas, Matthew",Active,
michaelthomas/2556370,"Thomas, Michael",Active,
mikethomas/2556381,"Thomas, Mike",Active,
michaelthomas/2535687,"Thomas, Michael",Active,
mychealonthomas/2561466,"Thomas, Mychealon",Active,
dukethomas/2556694,"Thomas, Duke",Active,
rocthomas/2560898,"Thomas, Roc",Active,
robertthomas/2550532,"Thomas, Robert",Active,
shamarkothomas/2539937,"Thomas, Shamarko",Active,
simeonthomas/2561144,"Thomas, Simeon",Active,
solomonthomas/2558018,"Thomas, Solomon",Active,
tavierrethomas/2561278,"Thomas, Tavierre",Active,
alexthompson/2561413,"Thompson, Alex",Other,
carlosthompson/2553609,"Thompson, Carlos",Injured reserve,
christhompson/2540011,"Thompson, Chris",Active,
christhompson/2559368,"Thompson, Chris",Active,
colinthompson/2559268,"Thompson, Colin",Active,
coreythompson/2561107,"Thompson, Corey",Active,
darianthompson/2555154,"Thompson, Darian",Active,
deontethompson/2534436,"Thompson, Deonte",Active,
jasonthompson/2559039,"Thompson, Jason",Active,
kendalthompson/2557436,"Thompson, Kendal",Active,
markthompson/2561467,"Thompson, Mark",Active,
tedricthompson/2557881,"Thompson, Tedric",Active,
trentonthompson/2560899,"Thompson, Trenton",Other,
cedricthornton/2495356,"Thornton, Cedric",Active,
joshthornton/2559269,"Thornton, Josh",Active,
neikothorpe/2534846,"Thorpe, Neiko",Active,
joethuney/2555281,"Thuney, Joe",Active,
nickthurman/2561597,"Thurman, Nick",Active,
andrewtiller/2533351,"Tiller, Andrew",Active,
johntimu/2553610,"Timu, John",Active,
carsontinker/2540023,"Tinker, Carson",Active,
matttobin/2541946,"Tobin, Matt",Active,
jacktocho/2558153,"Tocho, Jack",Active,
levinetoilolo/2540203,"Toilolo, Levine",Active,
henre'toliver/2560900,"Toliver, Henre'",Active,
kevintoliver/2560901,"Toliver, Kevin",Active,
jalentolliver/2561279,"Tolliver, Jalen",Active,
camerontom/2559098,"Tom, Cameron",Active,
dalvintomlinson/2557846,"Tomlinson, Dalvin",Active,
erictomlinson/2553744,"Tomlinson, Eric",Active,
lakentomlinson/2552345,"Tomlinson, Laken",Active,
coletoner/2555194,"Toner, Cole",Active,
roberttonyan/2559270,"Tonyan, Robert",Active,
koreytoomer/2534567,"Toomer, Korey",Active,
najeetoran/2561169,"Toran, Najee",Active,
jontoth/2557849,"Toth, Jon",Active,
fitzgeraldtoussaint/2550738,"Toussaint, Fitzgerald",Active,
keithtowbridge/2559271,"Towbridge, Keith",Active,
johnnytownsend/2560903,"Townsend, Johnny",Active,
damariustravis/2559002,"Travis, Damarius",Active,
rosstravis/2554630,"Travis, Ross",Active,
bryndentrawick/2541756,"Trawick, Brynden",Active,
austintraylor/2556900,"Traylor, Austin",Active,
laquontreadwell/2555214,"Treadwell, Laquon",Active,
brycetreggs/2556697,"Treggs, Bryce",Active,
jctretter/2540292,"Tretter, JC",Active,
dannytrevathan/2532961,"Trevathan, Danny",Active,
zachtriner/2558305,"Triner, Zach",Active,
jonahtrinnaman/2561280,"Trinnaman, Jonah",Active,
shanetripucka/2560904,"Tripucka, Shane",Active,
mitchelltrubisky/2558008,"Trubisky, Mitchell",Active,
desmondtrufant/2539334,"Trufant, Desmond",Active,
andrewtrumbetti/2561281,"Trumbetti, Andrew",Injured reserve,
stevietu'ikolovatu/2557962,"Tu'ikolovatu, Stevie",Injured reserve,
justintucker/2536340,"Tucker, Justin",Active,
marcustucker/2556782,"Tucker, Marcus",Active,
jacobtuioti-mariner/2561282,"Tuioti-Mariner, Jacob",Active,
stephontuitt/2543483,"Tuitt, Stephon",Active,
laremytunsil/2555201,"Tunsil, Laremy",Active,
joshtupou/2559003,"Tupou, Josh",Active,
kemokoturay/2560905,"Turay, Kemoko",Active,
robertturbin/2533460,"Turbin, Robert",Active,
de'lanceturner/2561468,"Turner, De'Lance",Active,
ezekielturner/2561283,"Turner, Ezekiel",Active,
landonturner/2556784,"Turner, Landon",Active,
malikturner/2561671,"Turner, Malik",Active,
paulturner/2556785,"Turner, Paul",Active,
traiturner/2543606,"Turner, Trai",Active,
billyturner/2543740,"Turner, Billy",Active,
willtye/2553830,"Tye, Will",Active,
miketyson/2558853,"Tyson, Mike",Active,
jerryugokwe/2558903,"Ugokwe, Jerry",Active,
lekauhatafe/2560906,"Uhatafe, Leka",Active,
maxunger/71493,"Unger, Max",Active,
mitchunrein/2508016,"Unrein, Mitch",Active,
courtneyupshaw/2532964,"Upshaw, Courtney",Other,
brenturban/2543765,"Urban, Brent",Active,
c.j.uzomah/2552559,"Uzomah, C.J.",Active,
kennyvaccaro/2539320,"Vaccaro, Kenny",Active,
destinyvaeao/2556786,"Vaeao, Destiny",Active,
halapoulivaativaitai/2555196,"Vaitai, Halapoulivaati",Active,
marquezvaldes-scantling/2560907,"Valdes-Scantling, Marquez",Active,
vincentvalentine/2555517,"Valentine, Vincent",Active,
tannervallejo/2558289,"Vallejo, Tanner",Active,
hakeemvalles/2556453,"Valles, Hakeem",Active,
jeremiahvaloaga/2559310,"Valoaga, Jeremiah",Active,
kylevannoy/2543699,"Van Noy, Kyle",Active,
gregvanroten/2538145,"Van Roten, Greg",Active,
leightonvanderesch/2560908,"Vander Esch, Leighton",Active,
jasonvanderlaan/2556700,"Vander Laan, Jason",Active,
eddievanderdoes/2557982,"Vanderdoes, Eddie",Active,
nickvannett/2555289,"Vannett, Nick",Active,
vitavea/2560909,"Vea, Vita",Active,
jordanveasy/2561414,"Veasy, Jordan",Active,
kaarevedvik/2561415,"Vedvik, Kaare",Active,
jaredveldheer/497061,"Veldheer, Jared",Active,
shanevereen/2495473,"Vereen, Shane",Active,
oliviervernon/2533534,"Vernon, Olivier",Active,
jasonverrett/2543493,"Verrett, Jason",Injured reserve,
kendalvickers/2561416,"Vickers, Kendal",Active,
azeemvictor/2560910,"Victor, Azeem",Active,
nickvigil/2555528,"Vigil, Nick",Active,
zachvigil/2553687,"Vigil, Zach",Active,
alejandrovillanueva/2550130,"Villanueva, Alejandro",Active,
adamvinatieri/2503471,"Vinatieri, Adam",Active,
deevirgin/2559274,"Virgin, Dee",Active,
dannyvitale/2555218,"Vitale, Danny",Active,
justinvogel/2559005,"Vogel, Justin",Active,
andrewvollert/2561284,"Vollert, Andrew",Active,
jeremyvujnovich/2543431,"Vujnovich, Jeremy",Active,
laadrianwaddle/2539324,"Waddle, LaAdrian",Active,
d'montrewade/2560911,"Wade, D'Montre",Active,
akrumwadley/2560912,"Wadley, Akrum",Active,
bobbywagner/2532966,"Wagner, Bobby",Active,
rickywagner/2539340,"Wagner, Ricky",Active,
cameronwake/2506314,"Wake, Cameron",Active,
erikwalden/2507488,"Walden, Erik",Active,
clivewalford/2552397,"Walford, Clive",Active,
anthonywalker/2558851,"Walker, Anthony",Active,
cavonwalker/2561285,"Walker, Cavon",Active,
demarcuswalker/2557894,"Walker, DeMarcus",Active,
delaniewalker/2495966,"Walker, Delanie",Active,
joewalker/2556192,"Walker, Joe",Active,
joshwalker/2550267,"Walker, Josh",Active,
phillipwalker/2558904,"Walker, Phillip",Active,
treywalker/2560913,"Walker, Trey",Active,
tyrunnwalker/2535892,"Walker, Tyrunn",Active,
aaronwallace/2555320,"Wallace, Aaron",Active,
mikewallace/2507763,"Wallace, Mike",Active,
leviwallace/2560914,"Wallace, Levi",Active,
darrenwaller/2552408,"Waller, Darren",Active,
l.t.walton/2552444,"Walton, L.T.",Active,
markwalton/2560915,"Walton, Mark",Active,
channingward/2556702,"Ward, Channing",Other,
charvariusward/2561417,"Ward, Charvarius",Active,
denzelward/2560916,"Ward, Denzel",Active,
gregward/2559278,"Ward, Greg",Active,
jimmieward/2543741,"Ward, Jimmie",Active,
jihadward/2555248,"Ward, Jihad",Active,
jylanware/2557919,"Ware, Jylan",Active,
spencerware/2540204,"Ware, Spencer",Active,
larrywarford/2539248,"Warford, Larry",Active,
chancewarmack/2539194,"Warmack, Chance",Active,
juliuswarmsley/2550642,"Warmsley, Julius",Active,
fredwarner/2560917,"Warner, Fred",Active,
chriswarren/2560918,"Warren, Chris",Active,
adolphuswashington/2555235,"Washington, Adolphus",Active,
charleswashington/2556703,"Washington, Charles",Active,
corneliuswashington/2539232,"Washington, Cornelius",Active,
deandrewashington/2555464,"Washington, DeAndre",Active,
dwaynewashington/2556118,"Washington, Dwayne",Active,
jameswashington/2560920,"Washington, James",Active,
tonywashington/2553615,"Washington, Tony",Active,
herbwaters/2556704,"Waters, Herb",Active,
earlwatford/2539242,"Watford, Earl",Active,
carloswatkins/2557877,"Watkins, Carlos",Active,
jaylenwatkins/2543707,"Watkins, Jaylen",Injured reserve,
sammywatkins/2543457,"Watkins, Sammy",Active,
benjaminwatson/2506122,"Watson, Benjamin",Active,
deshaunwatson/2558063,"Watson, Deshaun",Active,
dekodawatson/496961,"Watson, Dekoda",Active,
justinwatson/2560051,"Watson, Justin",Active,
menelikwatson/2540206,"Watson, Menelik",Active,
derekwatt/2555220,"Watt, Derek",Active,
j.j.watt/2495488,"Watt, J.J.",Active,
t.j.watt/2558064,"Watt, T.J.",Active,
armaniwatts/2560921,"Watts, Armani",Active,
tressway/2541903,"Way, Tress",Active,
traewaynes/2552448,"Waynes, Trae",Active,
jesterweah/2560922,"Weah, Jester",Active,
stephenweatherly/2555529,"Weatherly, Stephen",Active,
tobyweathersby/2560923,"Weathersby, Toby",Active,
damonwebb/2560924,"Webb, Damon",Active,
daviswebb/2557897,"Webb, Davis",Active,
j'marcuswebb/1037880,"Webb, J'Marcus",Active,
joewebb/1037347,"Webb, Joe",Active,
ralphwebb/2561419,"Webb, Ralph",Active,
b.w.webb/2539338,"Webb, B.W.",Active,
ericweddle/2495775,"Weddle, Eric",Active,
brandonweeden/2532970,"Weeden, Brandon",Active,
jonweeks/2507831,"Weeks, Jon",Active,
brantweiss/2561286,"Weiss, Brant",Active,
elijahwellman/2561441,"Wellman, Elijah",Injured reserve,
davidwells/2560925,"Wells, David",Active,
joshwells/2550416,"Wells, Josh",Active,
carsonwentz/2555259,"Wentz, Carson",Active,
de'ondrewesley/2553763,"Wesley, De'Ondre",Active,
charcandrickwest/2550268,"West, Charcandrick",Active,
terrancewest/2543664,"West, Terrance",Active,
dedewestbrook/2557895,"Westbrook, Dede",Active,
ethanwestbrooks/2550449,"Westbrooks, Ethan",Active,
leonardwester/2556787,"Wester, Leonard",Active,
christianwesterman/2555131,"Westerman, Christian",Active,
johnwetzel/2539207,"Wetzel, John",Active,
griffwhalen/2535876,"Whalen, Griff",Active,
markuswheaton/2539291,"Wheaton, Markus",Active,
chadwheeler/2559280,"Wheeler, Chad",Active,
d.j.white/2555555,"White, D.J.",Active,
deandrewwhite/2552657,"White, DeAndrew",Active,
jameswhite/2543773,"White, James",Active,
ka'raunwhite/2560927,"White, Ka'Raun",Active,
kevinwhite/2553432,"White, Kevin",Active,
kyzirwhite/2560928,"White, Kyzir",Active,
marquezwhite/2557912,"White, Marquez",Active,
mikewhite/2560929,"White, Mike",Active,
timwhite/2559007,"White, Tim",Active,
tre'daviouswhite/2557867,"White, Tre'Davious",Active,
codywhitehair/2555132,"Whitehair, Cody",Active,
jermainewhitehead/2552697,"Whitehead, Jermaine",Active,
jordanwhitehead/2560930,"Whitehead, Jordan",Active,
luckywhitehead/2553621,"Whitehead, Lucky",Active,
tahirwhitehead/2532986,"Whitehead, Tahir",Active,
kermitwhitfield/2559281,"Whitfield, Kermit",Active,
isaacwhitney/2559008,"Whitney, Isaac",Active,
fozzywhittaker/2540037,"Whittaker, Fozzy",Injured reserve,
andrewwhitworth/2495977,"Whitworth, Andrew",Active,
codywichmann/2553332,"Wichmann, Cody",Active,
colewick/2556708,"Wick, Cole",Active,
jojowicker/2560931,"Wicker, JoJo",Active,
jakewieneke/2560932,"Wieneke, Jake",Active,
kennywiggins/2530556,"Wiggins, Kenny",Active,
kylewilber/2532974,"Wilber, Kyle",Active,
j.j.wilcox/2540219,"Wilcox, J.J.",Active,
brandonwilds/2556454,"Wilds, Brandon",Active,
mattwile/2553622,"Wile, Matt",Active,
jalenwilkerson/2561545,"Wilkerson, Jalen",Other,
muhammadwilkerson/2495490,"Wilkerson, Muhammad",Active,
jordanwilkins/2560933,"Wilkins, Jordan",Active,
elijahwilkinson/2559295,"Wilkinson, Elijah",Active,
brandonwilliams/2556371,"Williams, Brandon",Active,
brandonwilliams/2541302,"Williams, Brandon",Active,
brycewilliams/2556709,"Williams, Bryce",Active,
chadwilliams/2558208,"Williams, Chad",Active,
connorwilliams/2560934,"Williams, Connor",Active,
damienwilliams/2550512,"Williams, Damien",Active,
danielwilliams/2559464,"Williams, Daniel",Active,
dariouswilliams/2561469,"Williams, Darious",Active,
darrelwilliams/2560935,"Williams, Darrel",Active,
darrellwilliams/2553748,"Williams, Darrell",Active,
darrellwilliams/2559009,"Williams, Darrell",Active,
darylwilliams/2552357,"Williams, Daryl",Active,
davidwilliams/2561152,"Williams, David",Active,
deshawnwilliams/2553623,"Williams, DeShawn",Active,
domwilliams/2556827,"Williams, Dom",Other,
isaiahwilliams/2557450,"Williams, Isaiah",Active,
jamaalwilliams/2558204,"Williams, Jamaal",Active,
jimmywilliams/2561442,"Williams, Jimmy",Other,
jarveonwilliams/2559010,"Williams, Jarveon",Active,
jonathanwilliams/2555227,"Williams, Jonathan",Active,
jordanwilliams/2553690,"Williams, Jordan",Active,
joewilliams/2557936,"Williams, Joe",Active,
k'waunwilliams/2550654,"Williams, K'Waun",Active,
kasenwilliams/2554138,"Williams, Kasen",Active,
p.j.williams/2552484,"Williams, P.J.",Active,
kerwynnwilliams/2539980,"Williams, Kerwynn",Active,
kylewilliams/2506931,"Williams, Kyle",Active,
antwionewilliams/2556376,"Williams, Antwione",Active,
leonardwilliams/2552486,"Williams, Leonard",Active,
malikwilliams/2561288,"Williams, Malik",Active,
marcuswilliams/2558847,"Williams, Marcus",Active,
marcuswilliams/2550605,"Williams, Marcus",Active,
marquezwilliams/2558860,"Williams, Marquez",Other,
maxxwilliams/2552468,"Williams, Maxx",Active,
mikewilliams/2558846,"Williams, Mike",Active,
nickwilliams/2541479,"Williams, Nick",Active,
nickwilliams/2540279,"Williams, Nick",Active,
shawnwilliams/2539233,"Williams, Shawn",Active,
sylvesterwilliams/2539270,"Williams, Sylvester",Active,
tajwilliams/2561289,"Williams, Taj",Active,
teddywilliams/2508077,"Williams, Teddy",Other,
terrancewilliams/2539205,"Williams, Terrance",Active,
terrellwilliams/2561165,"Williams, Terrell",Injured reserve,
timwilliams/2557841,"Williams, Tim",Active,
tramonwilliams/2506789,"Williams, Tramon",Active,
trentwilliams/497073,"Williams, Trent",Active,
trevorwilliams/2556828,"Williams, Trevor",Active,
treywilliams/2553486,"Williams, Trey",Active,
tyrellwilliams/2553913,"Williams, Tyrell",Active,
vincewilliams/2540221,"Williams, Vince",Active,
xavierwilliams/2553764,"Williams, Xavier",Active,
averywilliamson/2543597,"Williamson, Avery",Active,
derrickwillies/2561470,"Willies, Derrick",Active,
coreywillis/2561290,"Willis, Corey",Active,
jordanwillis/2557884,"Willis, Jordan",Active,
lukewillson/2541199,"Willson, Luke",Active,
albertwilson/2550272,"Wilson, Albert",Active,
brandonwilson/2558786,"Wilson, Brandon",Active,
cedwilson/2560936,"Wilson, Ced",Injured reserve,
claytonwilson/2561569,"Wilson, Clayton",Active,
damienwilson/2552686,"Wilson, Damien",Active,
eddywilson/2560937,"Wilson, Eddy",Active,
ericwilson/2559012,"Wilson, Eric",Active,
howardwilson/2558158,"Wilson, Howard",Injured reserve,
jarrodwilson/2556711,"Wilson, Jarrod",Active,
jeffwilson/2560938,"Wilson, Jeff",Active,
bobowilson/2559013,"Wilson, Bobo",Active,
kylewilson/2561618,"Wilson, Kyle",Active,
quincywilson/2557961,"Wilson, Quincy",Active,
ramikwilson/2552320,"Wilson, Ramik",Active,
russellwilson/2532975,"Wilson, Russell",Active,
shaunwilson/2561291,"Wilson, Shaun",Active,
tavonwilson/2534830,"Wilson, Tavon",Active,
timwilson/2561598,"Wilson, Tim",Active,
jomalwiltz/2559283,"Wiltz, Jomal",Active,
shanewimann/2561421,"Wimann, Shane",Other,
javonwims/2560939,"Wims, Javon",Active,
anthonywinbush/2560940,"Winbush, Anthony",Active,
jameswinchester/2542357,"Winchester, James",Active,
mikewindt/2507845,"Windt, Mike",Active,
ryanwinslow/2560941,"Winslow, Ryan",Active,
jameiswinston/2552033,"Winston, Jameis",Active,
anthonywint/2561478,"Wint, Anthony",Active,
brianwinters/2539247,"Winters, Brian",Active,
deatrichwise/2558000,"Wise, Deatrich",Active,
stefenwisniewski/2495250,"Wisniewski, Stefen",Active,
ahkellowitherspoon/2558157,"Witherspoon, Ahkello",Active,
bryanwitzmann/2550606,"Witzmann, Bryan",Active,
austinwolf/2561703,"Wolf, Austin",Active,
ethanwolf/2561422,"Wolf, Ethan",Active,
derekwolfe/2533026,"Wolfe, Derek",Active,
brianwomac/2561608,"Womac, Brian",Active,
zachwood/2556931,"Wood, Zach",Active,
jonathanwoodard/2556377,"Woodard, Jonathan",Active,
joshwoodrum/2556713,"Woodrum, Josh",Active,
alwoods/496881,"Woods, Al",Active,
antwaunwoods/2556792,"Woods, Antwaun",Active,
joshwoods/2561626,"Woods, Josh",Active,
robertwoods/2540169,"Woods, Robert",Active,
xavierwoods/2558159,"Woods, Xavier",Active,
loganwoodside/2560942,"Woodside, Logan",Active,
blainewoodson/2561605,"Woodson, Blaine",Active,
xavierwoodson-luster/2559042,"Woodson-Luster, Xavier",Active,
wesleywoodyard/2354,"Woodyard, Wesley",Active,
chrisworley/2560943,"Worley, Chris",Active,
darylworley/2555394,"Worley, Daryl",Active,
chriswormley/2557862,"Wormley, Chris",Active,
paulworrilow/2541535,"Worrilow, Paul",Injured reserve,
natewozniak/2561452,"Wozniak, Nate",Active,
blidiwreh-wilson/2539219,"Wreh-Wilson, Blidi",Active,
erickwren/2561423,"Wren, Erick",Active,
gabewright/2552282,"Wright, Gabe",Active,
jameswright/2550162,"Wright, James",Active,
jariuswright/2532978,"Wright, Jarius",Active,
kendallwright/2532977,"Wright, Kendall",Active,
k.j.wright/2495252,"Wright, K.J.",Active,
scoobywright/2556382,"Wright, Scooby",Active,
shareecewright/2495251,"Wright, Shareece",Active,
timothywright/2541768,"Wright, Timothy",Active,
andrewwylie/2559354,"Wylie, Andrew",Active,
isaiahwynn/2560945,"Wynn, Isaiah",Active,
jonathanwynn/2561292,"Wynn, Jonathan",Active,
kerrywynn/2550312,"Wynn, Kerry",Active,
shanewynn/2553630,"Wynn, Shane",Active,
deangeloyancey/2558025,"Yancey, DeAngelo",Active,
marshalyanda/2507188,"Yanda, Marshal",Active,
eddieyarbrough/2556714,"Yarbrough, Eddie",Active,
deonyelder/2561293,"Yelder, Deon",Active,
t.j.yeldon/2552471,"Yeldon, T.J.",Active,
isaacyiadom/2560946,"Yiadom, Isaac",Active,
averyyoung/2556837,"Young, Avery",Other,
kennyyoung/2560947,"Young, Kenny",Active,
louyoung/2550275,"Young, Lou",Injured reserve,
samyoung/2508058,"Young, Sam",Active,
tavonyoung/2555378,"Young, Tavon",Active,
trevonyoung/2560948,"Young, Trevon",Active,
ryanyurachek/2561599,"Yurachek, Ryan",Active,
adamzaruba/2559434,"Zaruba, Adam",Other,
kevinzeitler/2532980,"Zeitler, Kevin",Active,
zachzenner/2553631,"Zenner, Zach",Active,
anthonyzettel/2555268,"Zettel, Anthony",Active,
justinzimmer/2556716,"Zimmer, Justin",Active,
frankzombo/2507948,"Zombo, Frank",Active,
gregzuerlein/2534797,"Zuerlein, Greg",Active,
brandonzylstra/2560243,"Zylstra, Brandon",Active,